###❝エスペラント語根❞, ❝(全く同じ)エスペラント語根❞   となっている行は、対応する置換後の文字列が存在する場合と同等の優先順位を持つものの、実際には文字列(漢字)置換を行わないことを意味している。　
###❝世界语词根❞, ❝(完全相同的)世界语词根❞   这一行表示、虽然它具有与实际存在的对应替换字符串相同的优先级、但实际上并不执行字符串(汉字)替换操作。
世界语单词##,候选汉字##
adiaŭ,adiaŭ
bis,bis
hura,hura
ŭa,ŭa
kia,kia
tia,tia
ĉia,ĉia
kies,kies
nenia,nenia
ali,另
alt,高
bel,美
bon,好
jun,jun
nov,新
sam,同
fort,强
grav,grav
kelk,些
last,持
long,长
mult,多
plen,plen
riĉ,富
ruĝ,红
facil,易
grand,巨
liber,liber
rapid,快
feliĉ,福
proksim,约
fru,早
pur,净
sol,独
ver,真
cert,然
nigr,黑
varm,热
afabl,善
blank,白
dolĉ,甜
neces,必
propr,自
simpl,简
dekstr,右
kuraĝ,勇
trankvil,trankvil
blu,蓝
dik,胖
gaj,gaj
hel,亮
kar,亲
lac,累
san,健
sat,饱
just,正
prav,对
pret,pret
util,util
verd,绿
apart,别
atent,慎
fremd,fremd
ĝust,ĝust
komun,komun
larĝ,宽
agrabl,愉
divers,杂
intern,intern
sufiĉ,sufiĉ
kontent,kontent
profund,深
mol,软
pez,重
sek,干
brun,棕
egal,等
flav,黄
griz,灰
kulp,罪
lert,熟
rekt,rekt
saĝ,智
vast,敞
ceter,ceter
freŝ,鲜
simil,像
kapabl,能
serioz,严
efektiv,efektiv
ordinar,ordinar
akr,锐
fam,著
ies,ies
avar,avar
dens,密
eben,平
fier,fier
firm,firm
nepr,nepr
plat,plat
plur,复
surd,surd
vigl,vigl
fidel,fidel
kviet,kviet
matur,matur
sankt,圣
spert,spert
subit,subit
taŭg,适
honest,honest
konven,konven
plur,复
preciz,preciz
strang,陌
delikat,delikat
ĝentil,绅
komfort,舒
pacienc,pacienc
special,特
ĝeneral,普
konstant,稳
lam,lam
mut,mut
nud,nud
pal,pal
ruz,ruz
van,van
acid,acid
glat,滑
kler,kler
krud,krud
mild,mild
abund,abund
blind,盲
blond,blond
ĉarm,魅
etern,永
favor,favor
graci,graci
humil,humil
laŭt,laŭt
sever,sever
stult,愚
fortik,fortik
frenez,frenez
kurioz,kurioz
privat,privat
sincer,sincer
evident,evident
oportun,oportun
prudent,prudent
sci/vol##,sci/vol##
diligent,diligent
proksim/um##,proksim/um##
ard,ard
avid,avid
brav,brav
ebri,醉
krut,krut
naiv,naiv
nobl,nobl
sobr,sobr
humid,humid
ident,ident
komik,komik
kripl,kripl
kruel,kruel
moder,moder
sagac,sagac
seren,seren
sprit,sprit
akurat,akurat
fervor,fervor
inklin,inklin
ĵaluz,妒
kapric,kapric
modern,现
modest,modest
nenies,nenies
normal,常
sovaĝ,sovaĝ
ekstrem,ekstrem
elegant,elegant
eminent,eminent
komplet,komplet
oficial,oficial
perfekt,完
probabl,probabl
reciprok,reciprok
indiferent,indiferent
inteligent,聪
amar,amar
imun,imun
real,真
ties,ties
unik,unik
vant,vant
virg,virg
aktiv,跃
civil,civil
ĉies,ĉies
elast,elast
human,human
intim,intim
kaduk,kaduk
koket,koket
lojal,lojal
malic,malic
mir/ind##,mir/ind##
raŭk,raŭk
rigid,rigid
sekur,sekur
solen,solen
tener,tener
valid,valid
abrupt,abrupt
absurd,absurd
aktual,aktual
arbitr,arbitr
aŭdac,aŭdac
ekzakt,ekzakt
furioz,furioz
graved,孕
klasik,klasik
majest,majest
nervoz,nervoz
oblikv,oblikv
obstin,obstin
plen/aĝ##,plen/aĝ##
social,social
subtil,subtil
tragik,tragik
absolut,absolut
kontant,kontant
popular,popular
relativ,relativ
sin/don##,sin/don##
solidar,solidar
vegetar,素
familiar,familiar
grandioz,grandioz
kolektiv,kolektiv
sin/gard##,sin/gard##
kompetent,kompetent
universal,通
kvit,kvit
miop,miop
punc,punc
ranc,ranc
ĉast,ĉast
ekstr,ekstr
masiv,masiv
antikv,antikv
arogant,arogant
konform,konform
trivial,trivial
elokvent,elokvent
kriminal,kriminal
predikat,predikat
akut,akut
dual,dual
hirt,hirt
kalv,kalv
banal,banal
cinik,cinik
gotik,gotik
inert,inert
obtuz,obtuz
okult,okult
pasiv,pasiv
rigor,rigor
stoik,stoik
analog,analog
anonim,anonim
arkaik,arkaik
diafan,diafan
efemer,efemer
erotik,erotik
fiktiv,fiktiv
formal,formal
frivol,frivol
intens,intens
invers,invers
konciz,konciz
konkav,konkav
mistik,mistik
neŭtr,neŭtr
vulgar,vulgar
akcesor,akcesor
apokrif,apokrif
arĥaik,arĥaik
burlesk,burlesk
decimal,decimal
diskret,diskret
fanatik,fanatik
grotesk,grotesk
konkret,具
kontinu,kontinu
liberal,liberal
monoton,monoton
negativ,negativ
nominal,nominal
pozitiv,pozitiv
radikal,radikal
skeptik,skeptik
solvent,solvent
abstrakt,abstrakt
aŭtonom,aŭtonom
eventual,eventual
inkluziv,含
neŭtral,neŭtral
objektiv,objektiv
ortodoks,ortodoks
primitiv,primitiv
provizor,provizor
racional,racional
romantik,romantik
sinoptik,sinoptik
spontane,spontane
aŭtentik,aŭtentik
definitiv,definitiv
ekskluziv,ekskluziv
korelativ,korelativ
respektiv,respektiv
subjektiv,subjektiv
transitiv,transitiv
spekulativ,spekulativ
impertinent,impertinent
konservativ,konservativ
sentimental,sentimental
dek,十
mil,千
sep,七
ses,六
tri,三
unu,一
cent,百
kvar,四
kvin,五
naŭ,九
aŭ,或
nek,否
sed,sed
kvankam,虽
plus,加
minus,减
ĉe,于
kun,kun
per,per
pri,pri
pro,pro
sen,sen
sub,下
sur,上
tra,tra
apud,畔
krom,krom
laŭ,据
post,post
inter,间
super,super
trans,跨
antaŭ,昔
ekster,外
preter,preter
kontraŭ,kontraŭ
malgraŭ,malgraŭ
ĝi,它
ili,其
kio,kio
oni,人
ŝi,她
tio,tio
ĉio,ĉio
nenio,nenio
tio ĉi##,tio ĉi##
dis,散
mal,反
ĉef,主
eks,前
mis,误
pra,先
dev,需
dir,说
don,献
est,是
far,做
fin,终
hav,有
kon,识
leg,读
lev,升
met,放
mov,动
pet,求
pov,能
rid,笑
sci,知
sid,坐
ten,保
ven,来
vid,看
viv,活
vol,愿
ĝoj,乐
help,助
kred,信
lern,学
loĝ,住
mort,死
okaz,okaz
port,携
pren,取
sekv,跟
send,送
star,立
dezir,要
labor,劳
milit,军
montr,示
parol,说
ricev,受
skrib,写
ŝajn,ŝajn
vetur,旅
demand,问
komenc,始
kompren,懂
respond,答
bat,击
fal,落
kri,喊
kur,跑
las,让
lum,光
mir,奇
pag,付
pas,过
reg,治
son,响
tim,惊
tir,tir
aŭd,听
brul,燃
dank,谢
dorm,睡
ferm,关
flug,飞
halt,停
ĵet,扔
kant,唱
kost,费
mank,缺
nask,生
okup,占
pens,思
perd,丢
prem,prem
prov,prov
sent,感
turn,转
aĉet,买
atend,等
bezon,慈
kresk,kresk
manĝ,食
memor,记
serĉ,寻
trink,喝
konsil,konsil
permes,许
postul,postul
rakont,叙
rigard,瞧
rimark,rimark
ŝanĝ,变
vojaĝ,游
konstru,建
prezent,prezent
renkont,遇
bru,噪
dub,疑
lav,洗
lud,玩
pen,pen
vek,醒
vok,叫
aper,显
bril,闪
erar,错
fest,节
frap,frap
gajn,赢
kapt,抓
kaŝ,隐
kovr,覆
kuir,炊
kuŝ,躺
paŝ,步
plor,哭
romp,破
salt,跳
serv,务
tuŝ,触
vend,卖
zorg,zorg
batal,战
elekt,选
esper,希
koler,怒
mezur,mezur
opini,opini
ordon,令
plend,plend
ripoz,ripoz
salut,敬
sufer,遭
akcept,收
forges,忘
kalkul,kalkul
komerc,商
konduk,领
pardon,歉
silent,静
tranĉ,切
konsent,konsent
aŭskult,聆
ban,浴
flu,流
kre,创
mok,嘲
amuz,娱
ĉes,止
efik,efik
gard,gard
juĝ,审
klin,折
pend,挂
puŝ,推
spir,spir
stud,研
ŝat,喜
tond,剪
traf,traf
ating,达
decid,决
estim,estim
invit,请
kurac,医
marŝ,走
plaĉ,悦
ripet,ripet
ŝlos,锁
ŝtel,偷
vizit,访
aranĝ,aranĝ
ekzist,存
instru,教
intenc,意
kompat,怜
prefer,prefer
prepar,备
promen,promen
promes,诺
sukces,sukces
konserv,konserv
bol,沸
kis,吻
obe,遵
paf,射
pel,pel
pik,pik
pun,pun
sav,sav
tus,咳
akir,获
apog,apog
atak,攻
bala,bala
blov,刮
ĉas,ĉas
danc,舞
eduk,教
evit,evit
fleg,护
glit,滑
gvid,导
ĝen,厌
hejt,hejt
hont,hont
imag,想
imit,仿
komb,梳
mend,定
miks,混
naĝ,泳
plug,plug
pres,印
soif,渴
spez,spez
ŝir,撕
trem,震
trov,找
venk,胜
viŝ,擦
volv,volv
anonc,告
aprob,aprob
avert,avert
merit,merit
minac,minac
pentr,画
posed,posed
preĝ,祈
rifuz,拒
rilat,rilat
ripar,修
skrap,skrap
ŝerc,ŝerc
tromp,骗
defend,守
desegn,设
esting,esting
inform,告
kompar,比
kondut,kondut
konfes,坦
konsci,konsci
kultur,kultur
mensog,谎
rezult,结
rikolt,rikolt
streĉ,streĉ
ŝovel,ŝovel
akompan,akompan
aparten,aparten
bedaŭr,厄
konsist,konsist
organiz,组
progres,progres
respekt,尊
riproĉ,riproĉ
diferenc,异
rekomend,rekomend
korespond,korespond
enu,enu
fid,信
ĝu,享
hak,hak
log,log
pek,罪
pes,pes
raz,剃
dron,dron
fajf,哨
fand,融
farm,farm
fart,fart
frot,擦
ĝem,ĝem
krev,krev
kudr,缝
mord,咬
muel,muel
nutr,养
odor,闻
rajd,rajd
solv,解
taks,taks
teks,teks
tent,tent
urĝ,urĝ
babil,聊
detru,毁
difin,定
distr,distr
diven,猜
divid,分
etend,etend
evolu,evolu
forĝ,forĝ
frand,frand
grimp,爬
hezit,hezit
kroĉ,kroĉ
laŭd,赞
mason,mason
ofert,ofert
ornam,ornam
petol,petol
sonĝ,sonĝ
stern,stern
supoz,supoz
ŝirm,ŝirm
ŝpar,ŝpar
ŝtop,ŝtop
ŝuld,债
ŝvel,ŝvel
toler,toler
verŝ,倒
aspekt,aspekt
daŭr/ig##,daŭr/ig##
difekt,difekt
diskut,议
domaĝ,损
ekscit,ekscit
ekzerc,练
esplor,探
esprim,esprim
konsol,konsol
murmur,murmur
prezid,统
signif,signif
skulpt,skulpt
traduk,译
ekskurs,ekskurs
ekzamen,考
komunik,komunik
koncern,koncern
konstat,konstat
protekt,protekt
protest,protest
renvers,renvers
surpriz,surpriz
konsider,虑
persekut,persekut
reprezent,reprezent
bak,烤
ben,ben
boj,吠
bor,bor
ced,ced
cit,cit
lek,lek
rab,rab
rav,rav
rem,rem
rev,梦
seg,seg
sku,sku
ted,ted
teg,teg
abon,abon
dung,雇
envi,envi
flar,味
fond,fond
frit,frit
friz,friz
gest,gest
glad,glad
glut,吞
ĵur,ĵur
kned,kned
maĉ,maĉ
melk,melk
migr,迁
munt,munt
ofer,ofer
pent,pent
pruv,pruv
pump,pump
putr,putr
ramp,ramp
risk,risk
ronk,ronk
rost,rost
sven,sven
ŝov,ŝov
ŝut,撒
tajl,tajl
tord,tord
tren,tren
vari,vari
velk,velk
adici,adici
admir,admir
admon,admon
adopt,adopt
akcel,akcel
atest,atest
ĉerp,ĉerp
degel,degel
deleg,deleg
fleks,fleks
flirt,flirt
hered,hered
influ,influ
kares,kares
medit,medit
naŭz,naŭz
osced,osced
paŝt,paŝt
paŭz,paŭz
pinĉ,pinĉ
plekt,plekt
regal,regal
ribel,ribel
sopir,sopir
sorĉ,sorĉ
strik,strik
sufok,sufok
sving,sving
ŝarg,ŝarg
ŝmir,ŝmir
trakt,待
tremp,tremp
afrank,afrank
asekur,asekur
balanc,balanc
barakt,barakt
dediĉ,dediĉ
deklar,deklar
destin,destin
disput,disput
escept,escept
festen,festen
frakas,frakas
gratul,祝
ilustr,ilustr
import,import
insist,insist
instal,instal
instig,instig
insult,insult
komand,komand
komisi,komisi
konfid,konfid
konfit,konfit
konfuz,konfuz
konkur,konkur
kritik,kritik
observ,察
penetr,penetr
perfid,perfid
proced,proced
raport,报
reklam,宣
rezign,rezign
rezist,rezist
rifuĝ,难
brak/um##,brak/um##
civiliz,civiliz
ĉagren,ĉagren
de/pend##,de/pend##
disting,disting
eksplod,eksplod
garanti,garanti
komplez,杂
kondamn,kondamn
konfirm,konfirm
konjekt,konjekt
konklud,konklud
kontrol,控
konvink,konvink
operaci,operaci
plen/um##,plen/um##
pretend,pretend
suspekt,suspekt
turment,turment
distribu,distribu
fanfaron,fanfaron
kontrakt,kontrakt
mastr/um##,mastr/um##
prokrast,prokrast
administr,administr
el/turn/iĝ##,el/turn/iĝ##
entrepren,entrepren
dec,dec
juk,juk
lul,lul
vad,vad
vag,vag
vet,vet
vom,vom
zum,zum
ador,ador
agit,agit
akuz,akuz
alud,alud
bapt,bapt
bind,bind
blek,blek
bred,bred
buĉ,buĉ
ĉif,ĉif
dikt,dikt
dres,dres
ekip,ekip
est/ig##,est/ig##
fast,fast
flat,flat
flik,flik
fuĝ,fuĝ
fuŝ,乱
garn,garn
grat,grat
hav/ig##,hav/ig##
izol,izol
jung,jung
lukt,lukt
muĝ,哮
opon,opon
palp,palp
pekl,pekl
pere,灭
pli/ig##,pli/ig##
sark,sark
sekc,sekc
sorb,sorb
spit,spit
suĉ,suĉ
svat,svat
tajp,tajp
tern,嚏
tikl,tikl
tint,tint
trik,织
trud,trud
vart,vart
adapt,adapt
aplik,aplik
asert,asert
asist,asist
balot,balot
ĉe/est##,ĉe/est##
delir,delir
depon,depon
deput,deput
enket,enket
eskap,eskap
falĉ,falĉ
flagr,flagr
for/est##,for/est##
grinc,grinc
ignor,ignor
impet,impet
incit,incit
indik,indik
insid,insid
inund,inund
kraĉ,kraĉ
liver,liver
menci,提
modif,modif
ofend,ofend
rezon,rezon
rivel,rivel
start,start
susur,susur
ŝpin,ŝpin
trejn,练
venĝ,venĝ
abstin,abstin
aflikt,aflikt
altern,altern
balbut,balbut
cirkul,cirkul
deĵor,deĵor
denunc,denunc
de/ten##,de/ten##
dev/ont/ig##,dev/ont/ig##
digest,digest
dispon,dispon
dorlot,dorlot
eksped,eksped
el/don##,el/don##
establ,establ
flustr,flustr
grimac,grimac
grumbl,grumbl
implik,implik
indign,indign
indulg,indulg
infekt,infekt
injekt,injekt
inspir,inspir
invent,invent
klopod,klopod
kolizi,kolizi
kombin,kombin
kompon,kompon
konsum,konsum
korekt,对
lubrik,lubrik
manovr,manovr
plonĝ,plonĝ
preleg,preleg
propon,propon
provok,provok
recenz,recenz
redakt,辑
redukt,redukt
revizi,revizi
ŝpruc,ŝpruc
aplaŭd,aplaŭd
blasfem,blasfem
bon/vol##,bon/vol##
brokant,brokant
eksport,eksport
ekzekut,ekzekut
gust/um##,gust/um##
iniciat,iniciat
kalumni,kalumni
kompens,kompens
komplik,komplik
kontest,kontest
manipul,manipul
neglekt,neglekt
persist,persist
prononc,prononc
prosper,prosper
reflekt,reflekt
re/form##,re/form##
subtrah,subtrah
ŝancel,ŝancel
televid,televid
determin,determin
ekspluat,ekspluat
koncentr,koncentr
mistifik,mistifik
preskrib,preskrib
revoluci,revoluci
riverenc,riverenc
interpret,释
kompromit,kompromit
multiplik,multiplik
propagand,propagand
konversaci,konversaci
interpelaci,interpelaci
erp,erp
kov,kov
lut,lut
pep,pep
tan,tan
agac,agac
brod,brod
brog,brog
ĉiz,ĉiz
edif,edif
fajl,fajl
krak,krak
kroz,kroz
pist,pist
rasp,rasp
rast,rast
rigl,rigl
rukt,rukt
sibl,sibl
skiz,skiz
sput,sput
steb,steb
stuk,stuk
ŝim,ŝim
torn,torn
trot,trot
urin,urin
varb,varb
adult,adult
afekt,afekt
akuŝ,akuŝ
arest,arest
asign,asign
atenc,atenc
draŝ,draŝ
drink,酗
ekzil,ekzil
filtr,filtr
infuz,infuz
kribr,kribr
parad,parad
rabot,rabot
rafin,rafin
satur,satur
sieĝ,sieĝ
skerm,skerm
strab,strab
ŝmac,ŝmac
uzurp,uzurp
veget,veget
border,border
ĉikan,ĉikan
degrad,degrad
diboĉ,diboĉ
distil,distil
drapir,drapir
gargar,gargar
gravur,gravur
guvern,guvern
ilumin,ilumin
inokul,inokul
intrig,intrig
ĵongl,ĵongl
kartav,kartav
kontuz,kontuz
likvid,likvid
makler,makler
plaŭd,plaŭd
predik,predik
rembur,rembur
ventol,ventol
deĉifr,deĉifr
degener,degener
diskont,diskont
ferment,ferment
kalfatr,kalfatr
kolport,kolport
kompost,kompost
konspir,konspir
konvert,konvert
paraliz,paraliz
proklam,proklam
singult,singult
ĉarpent,ĉarpent
hipokrit,hipokrit
intermit,intermit
konstern,konstern
marĉand,marĉand
kapitulac,kapitulac
kaŭteriz,kaŭteriz
komentari,komentari
koment,评
poz,poz
vak,vak
boks,boks
ĝir,ĝir
kirl,kirl
klak,按
kluk,kluk
knar,knar
murd,谋
pled,pled
sond,sond
tatu,tatu
abdik,abdik
abort,abort
agoni,agoni
aklam,aklam
amput,amput
aneks,aneks
aspir,aspir
deriv,deriv
feder,feder
impon,impon
invad,invad
kaŭr,kaŭr
klaĉ,klaĉ
kliŝ,kliŝ
kotiz,kotiz
marin,marin
miaŭ,miaŭ
modul,modul
refut,refut
rikan,rikan
streb,streb
svarm,svarm
ŝveb,ŝveb
absorb,absorb
akapar,akapar
analiz,析
asimil,asimil
asperg,asperg
atribu,atribu
aŭgur,aŭgur
bojkot,bojkot
cenzur,cenzur
dedukt,dedukt
deklam,deklam
dekolt,dekolt
indukt,indukt
kompil,kompil
konced,konced
konker,konker
korupt,korupt
kverel,kverel
lament,lament
narkot,narkot
stimul,stimul
strigl,strigl
ŝrump,ŝrump
amortiz,amortiz
anticip,anticip
apelaci,apelaci
bankrot,bankrot
bombard,bombard
emancip,emancip
inspekt,inspekt
katekiz,katekiz
koincid,koincid
konfisk,konfisk
konsekr,konsekr
konsult,konsult
legitim,legitim
mobiliz,mobiliz
pilgrim,pilgrim
improviz,improviz
inaŭgur,inaŭgur
karambol,karambol
kateĥiz,kateĥiz
klasifik,klasifik
kontribu,kontribu
litograf,litograf
prostitu,prostitu
centraliz,centraliz
stenograf,stenograf
ekskomunik,ekskomunik
karakteriz,karakteriz
aĵ,物
ant,ant
ebl,能
iĝ,为
ind,值
int,int
ism,义
ist,者
obl,倍
ont,ont
estr,首
aĉ,坏
ĉj##,ĉj##
end,须
ing,架
ajn,任
ĉi##,ĉi##
eĉ##,eĉ##
for,for
iam,iam
iom,iom
jam,jam
jen,jen
jes,对
kie,kie
mem,自
nun,nun
nur,nur
pli,更
plu,plu
tie,tie
tre,tre
tro,太
tuj,tuj
ĉie,ĉie
ĵus,ĵus
kiam,kiam
plej,最
tial,tial
tiam,tiam
tiel,tiel
tiom,tiom
ĉiam,ĉiam
nenie,nenie
ankaŭ,也
neniam,neniam
baldaŭ,将
hieraŭ,昨
hodiaŭ,今
morgaŭ,明
tie ĉi##,tie ĉi##
almenaŭ,almenaŭ
ankoraŭ,尚
preskaŭ,preskaŭ
tiel ĉi##,tiel ĉi##
oft,常
ial,ial
iel,iel
volont,volont
des,des
neniom,neniom
ĉial,ĉial
ĉiom,ĉiom
ia/foj##,ia/foj##
nenial,nenial
neniel,neniel
parker,记
foj,次
hom,人
jar,年
kap,头
kor,心
lok,处
man,手
nom,名
tag,日
ter,地
vir,士
voj,路
afer,事
amik,友
form,形
kamp,营
land,国
mond,世
naci,族
patr,亲
temp,时
vort,词
flank,侧
infan,幼
patr/in##,patr/in##
ĉambr,房
sinjor,君
akv,水
arb,树
art,艺
dom,屋
edz,婚
fil,子
har,发
hor,时
lit,床
mar,海
mon,钱
mur,墙
pac,pac
pec,块
sun,日
urb,市
bild,图
bird,鸟
buŝ,嘴
frat,胞
hejm,家
knab,孩
kort,院
libr,书
mont,山
okul,眼
part,部
pied,足
pord,门
rajt,权
tabl,桌
vent,风
vest,衣
fingr,指
frukt,果
kolor,色
leter,信
lingv,语
maten,晨
popol,众
punkt,点
rimed,rimed
valor,valor
ĉeval,马
famili,家
fraŭl,fraŭl
person,人
semajn,周
vesper,晚
vizaĝ,脸
fenestr,窗
aer,气
aĝ,龄
cel,cel
fer,铁
ide,ide
kat,猫
kol,脖
mez,中
naz,鼻
nub,云
ord,序
pan,pan
roz,粉
best,兽
bord,界
brak,臂
dent,牙
fajr,火
fiŝ,鱼
flor,花
glas,玻
hund,狗
korp,体
lakt,奶
lign,材
lini,lini
mark,标
neĝ,雪
nokt,夜
onkl,onkl
orel,耳
plum,plum
pluv,雨
rond,rond
sang,血
seĝ,椅
spec,spec
stat,stat
supr,supr
ŝip,船
vitr,镜
angul,角
daŭr,daŭr
dolor,痛
gazet,刊
kaŭz,致
kutim,kutim
minut,分
monat,月
natur,natur
nombr,数
paper,纸
plank,plank
river,河
somer,夏
staci,站
strat,街
suker,糖
ŝton,石
vagon,vagon
veter,veter
vintr,冬
aŭtun,秋
ĉapel,帽
direkt,直
kolekt,集
moment,时
plezur,plezur
vilaĝ,村
ekzempl,例
ĝarden,园
histori,史
printemp,春
bov,牛
ink,ink
kaf,咖
kok,鸡
kuk,糕
kuz,従
lag,湖
lim,限
lun,月
maj,辰月
pak,裹
sak,包
sum,和
tru,洞
vin,酒
anim,魂
azen,驴
benk,凳
dors,背
foli,叶
font,泉
fund,fund
genu,膝
gren,谷
grup,群
herb,草
juli,午月
juni,巳月
kart,卡
klas,班
korb,篮
kruc,kruc
krur,腿
lang,舌
leĝ,律
lund,周月
mard,周火
mart,寅月
ofic,职
ombr,影
paĝ,页
pork,猪
poŝ,袋
radi,radi
reĝ,王
senc,senc
stel,星
ŝaf,羊
verk,作
voĉ,声
adres,址
april,卯月
brust,胸
buter,buter
donac,赠
glaci,冰
kuler,勺
mastr,mastr
muzik,音
numer,号
poŝt,邮
prunt,借
sabat,周土
ŝtat,州
ŝtup,阶
teler,盘
terur,terur
vapor,vapor
insekt,虫
januar,子月
ĵaŭd,周木
kovert,封
krajon,蜡
manier,manier
objekt,物
oktobr,酉月
plafon,plafon
region,区
religi,religi
spirit,精
arĝent,arĝent
danĝer,危
decembr,亥月
dimanĉ,周日
februar,丑月
horloĝ,钟
merkred,周水
novembr,戌月
produkt,produkt
vendred,周金
septembr,申月
bar,bar
bek,bek
fak,假
fum,霾
gas,气
gut,gut
jak,jak
kel,kel
kuv,kuv
lip,唇
nep,孙
nev,侄
not,not
ole,油
ond,波
ost,骨
par,par
pom,苹
pot,锅
rad,轮
ret,网
sal,盐
sap,皂
sem,sem
sud,南
sup,汤
ŝu,鞋
tas,杯
tol,tol
tuk,巾
ung,ung
val,谷
vic,列
barb,barb
bros,刷
fakt,实
flag,旗
fork,叉
forn,炉
gast,客
gras,脂
kapr,kapr
karb,煤
kest,盒
korn,korn
krim,罪
lamp,灯
mebl,mebl
mien,mien
muŝ,蝇
nord,北
past,past
pilk,球
pint,pint
polv,尘
pont,桥
prez,价
rand,边
regn,regn
seri,seri
sign,符
sort,sort
spic,辣
vang,vang
vost,尾
vund,vund
botel,瓶
buton,buton
cifer,码
faden,线
frunt,额
haŭt,肤
honor,誉
insul,岛
kajer,kajer
kamen,kamen
legom,柠
liter,字
metal,metal
pingl,pingl
polic,警
polur,polur
premi,奖
regul,规
sezon,季
ŝanc,运
ŝnur,ŝnur
tabul,表
viand,肉
baston,baston
branĉ,枝
ĉemiz,衫
doktor,博
kravat,kravat
lecion,课
maŝin,机
milion,兆
najbar,邻
parenc,parenc
publik,公
scienc,科
sekret,秘
skatol,skatol
soldat,兵
spegul,镜
ŝarĝ,ŝarĝ
ŝrank,柜
tualet,tualet
ĉapitr,ĉapitr
fromaĝ,酪
kondiĉ,kondiĉ
praktik,练
serpent,蛇
ŝtrump,ŝtrump
tegment,tegment
telefon,telefon
industri,产
kilogram,兛
okcident,西
pantalon,裤
abi,abi
agl,agl
ber,ber
bot,靴
bul,bul
dat,期
glu,glu
jup,裙
kav,kav
lan,毛
led,led
mod,mod
mor,mor
pin,pin
pip,pip
piz,piz
put,put
rel,rel
riz,米
rok,rok
suk,汁
tem,tem
tub,tub
tur,塔
vat,vat
vaz,vaz
zon,zon
arme,arme
bank,bank
bien,庄
bier,啤
bret,架
brik,brik
cikl,cikl
ĉap,帽
drat,drat
epok,epok
fask,fask
feri,feri
film,影
flam,焰
flos,flos
fojn,fojn
fulm,雷
glob,球
grad,度
gust,gust
kadr,框
krem,krem
kurb,kurb
kurs,课
larm,larm
leon,狮
litr,升
luks,luks
meti,meti
metr,米
najl,najl
nest,nest
pajl,pajl
plac,plac
plad,plad
plan,plan
poet,poet
pugn,pugn
ring,ring
sabl,沙
scen,scen
skal,skal
soci,社
spac,spac
stal,stal
task,task
tomb,墓
verm,verm
vers,vers
viol,紫
agord,agord
balon,balon
bilet,票
burĝ,burĝ
centr,中
etaĝ,层
farun,farun
figur,figur
frost,霜
gorĝ,喉
grund,grund
haven,港
hotel,栈
humor,humor
karot,karot
katar,katar
kling,kling
koton,koton
kvant,量
lepor,lepor
makul,makul
manik,袖
membr,员
mizer,mizer
nebul,雾
organ,organ
parti,parti
pastr,pastr
radik,根
serur,serur
solid,固
sonor,响
strek,strek
ŝvit,ŝvit
tabak,tabak
tabel,tabel
titol,titol
tondr,雷
valiz,箱
ventr,肚
alumet,alumet
aparat,器
brasik,brasik
citron,citron
ĉifon,ĉifon
dekliv,坡
dezert,漠
elektr,电
energi,能
fianĉ,fianĉ
hirund,hirund
kelner,kelner
kvalit,质
majstr,majstr
mantel,mantel
martel,martel
matrac,垫
menton,menton
oranĝ,橙
origin,源
potenc,potenc
salajr,薪
sekund,秒
societ,societ
stomak,stomak
ŝultr,肩
tapiŝ,毯
tritik,tritik
aventur,aventur
cigared,烟
distanc,distanc
embaras,embaras
kamarad,kamarad
kaserol,kaserol
komitat,委
kongres,kongres
kvadrat,方
magazen,magazen
pasport,pasport
politik,政
registr,registr
ter/pom##,ter/pom##
akcident,akcident
aŭtobus,aŭtobus
aŭtomat,aŭtomat
ĉokolad,ĉokolad
direktor,direktor
instinkt,instinkt
karakter,karakter
kaŭĉuk,kaŭĉuk
material,料
standard,standard
telegraf,telegraf
restoraci,餐
ark,弧
baz,基
beb,婴
bub,bub
bud,bud
fel,fel
hok,hok
huf,huf
jur,jur
kas,kas
kin,kin
kom,kom
kot,kot
lup,狼
mam,乳
map,map
min,min
mus,鼠
net,net
nod,nod
orf,orf
ort,ort
pat,pat
pil,pil
pir,pir
pup,娃
rat,rat
rip,rip
rob,rob
tip,tip
ton,ton
urs,熊
var,var
vel,vel
vit,vit
abel,蜂
aŭt,aŭt
bluz,bluz
boat,船
brov,brov
cerb,脑
ĉek,ĉek
ĉen,ĉen
disk,碟
dram,dram
drap,drap
duŝ,浴
ezok,ezok
farb,漆
febr,烧
fend,fend
foir,foir
fost,fost
frag,莓
fulg,fulg
funt,funt
gant,gant
geni,geni
glor,glor
golf,golf
hajl,雹
hero,hero
kemi,kemi
kord,kord
kork,kork
krad,krad
kran,kran
kret,kret
kriz,kriz
kron,kron
kugl,kugl
kupr,kupr
lift,lift
list,list
mast,mast
nadl,nadl
nerv,nerv
oliv,oliv
park,园
pasi,pasi
pask,pask
pelt,pelt
plet,plet
poem,诗
proz,proz
pulm,肺
pulv,pulv
rang,级
revu,revu
ritm,ritm
seks,性
sens,sens
silk,silk
simi,猴
sojl,sojl
stil,stil
stri,stri
ŝel,ŝel
tend,tend
verb,verb
verg,verg
vert,vert
vidv,vidv
virt,virt
vual,vual
vulp,vulp
afiŝ,贴
album,album
almoz,almoz
arane,蛛
asoci,盟
avenu,道
aviad/il##,aviad/il##
barel,barel
bazar,bazar
betul,betul
brems,brems
butik,店
detal,祥
diabl,diabl
emoci,情
enigm,enigm
esenc,esenc
faŭk,faŭk
fizik,fizik
framb,framb
grajn,grajn
ĥemi,ĥemi
ideal,ideal
juvel,宝
katen,katen
kitel,kitel
kruĉ,kruĉ
krust,krust
kubut,肘
kukol,kukol
kverk,kverk
lamen,lamen
marĉ,marĉ
metod,metod
model,model
motor,motor
nivel,nivel
palac,殿
panj,panj
penik,penik
pioĉ,pioĉ
plumb,plumb
poezi,诵
salon,厅
saŭc,saŭc
sitel,sitel
sklav,sklav
sport,sport
stamp,stamp
stang,stang
stump,stump
ŝtal,ŝtal
ŝtof,织
teatr,剧
teori,teori
teren,teren
trajn,trajn
trajt,trajt
trunk,trunk
venen,venen
veŝt,veŝt
abomen,abomen
anĝel,anĝel
animal,animal
apetit,apetit
apotek,apotek
benzin,benzin
bicikl,骑
bombon,bombon
cement,cement
ĉeriz,ĉeriz
desert,desert
fabrik,厂
financ,financ
funebr,funebr
funkci,funkci
garaĝ,garaĝ
imperi,imperi
impost,税
impres,impres
kalkan,kalkan
kalson,kalson
kamion,kamion
kandel,烛
kanzon,kanzon
kastel,堡
klient,klient
kol/um##,kol/um##
kurten,kurten
mandat,mandat
mister,mister
moskit,moskit
muskol,肌
ombrel,伞
paĉj,paĉj
parfum,parfum
patron,patron
petrol,petrol
posten,posten
pozici,pozici
proces,proces
profit,盈
proviz,proviz
pulvor,pulvor
recept,recept
rekord,rekord
rezerv,rezerv
signal,signal
sistem,sistem
surfac,surfac
ŝofor,ŝofor
tajlor,tajlor
trezor,trezor
trikot,trikot
vakcin,vakcin
advokat,advokat
alkohol,alkohol
ampleks,ampleks
broŝur,broŝur
bulvard,bulvard
deficit,deficit
ekonomi,ekonomi
elefant,象
ĵurnal,刊
kabinet,kabinet
kapital,资
koncert,koncert
krepusk,krepusk
kvartal,kvartal
miliard,亿
pejzaĝ,景
problem,题
profesi,专
simpati,simpati
student,student
ŝraŭb,ŝraŭb
tempest,tempest
traktor,traktor
tri/angul##,tri/angul##
trotuar,trotuar
adjektiv,adjektiv
dekoraci,dekoraci
ekvilibr,ekvilibr
esperant,esperant
hospital,hospital
intelekt,intelekt
kalendar,历
kilometr,粁
komision,komision
meĥanik,meĥanik
milimetr,milimetr
original,原
pretekst,pretekst
struktur,struktur
telegram,telegram
tribunal,tribunal
bibliotek,bibliotek
fundament,fundament
inĝenier,inĝenier
konferenc,konferenc
konscienc,konscienc
literatur,literatur
meĥanism,meĥanism
rekompenc,rekompenc
respublik,respublik
sekretari,sekretari
apartament,apartament
aŭtomobil,aŭtomobil
aŭtoritat,aŭtoritat
instrument,instrument
medikament,medikament
temperatur,temperatur
cirkonstanc,cirkonstanc
eksperiment,eksperiment
mal/varm/um##,mal/varm/um##
ajl,蒜
akn,akn
aks,aks
akt,akt
ale,ale
alg,alg
apr,apr
azi,亚
bal,bal
bet,bet
buk,buk
cep,葱
cir,cir
dot,dot
eĥ,eĥ
fab,fab
fac,fac
fag,fag
fig,fig
gal,gal
gru,gru
gum,gum
hal,hal
jug,jug
kal,kal
kaz,案
kub,kub
lad,lad
lak,lak
lap,lap
lin,lin
lot,lot
luk,luk
mas,mas
mat,mat
nuk,nuk
pap,pap
pav,pav
pig,pig
pus,pus
ran,ran
ren,ren
rib,rib
rim,rim
rol,rol
ros,ros
sag,sag
sin,sin
ski,ski
sof,sof
tig,tig
tuf,tuf
tun,tun
vip,vip
akci,akci
atom,atom
aven,aven
bant,bant
bark,bark
bask,bask
bend,bend
blok,blok
bors,bors
bovl,碗
brid,brid
brut,brut
bukl,bukl
bulb,bulb
bulk,bulk
cerv,cerv
cign,cign
ĉel,ĉel
dand,dand
diet,diet
dorn,dorn
etap,etap
etat,etat
feĉ,feĉ
felt,felt
frak,frak
fraz,句
fung,fung
garb,garb
gent,gent
glav,剑
gobi,gobi
gram,gram
greg,greg
grip,grip
grot,grot
gudr,gudr
ĝib,ĝib
heĝ,heĝ
himn,himn
ĥor,ĥor
kaĉ,kaĉ
kaĝ,kaĝ
kaka,kaka
kakt,kakt
karn,karn
karp,karp
kejl,kejl
kern,kern
klub,klub
korv,korv
kosm,kosm
kult,kult
laĉ,laĉ
lard,lard
larv,larv
lice,lice
likv,likv
lili,lili
maiz,maiz
malv,malv
mens,mens
menu,menu
miel,miel
musk,musk
muze,馆
nuks,nuks
oper,oper
oval,oval
palm,palm
palt,palt
pane,pane
perl,perl
pian,pian
pice,pice
pipr,pipr
plag,plag
prun,prun
pudr,pudr
punt,punt
raci,raci
rent,rent
ruin,ruin
rust,rust
situ,situ
sled,sled
sorg,sorg
spik,spik
spur,spur
stan,stan
sulk,sulk
takt,takt
tali,tali
tigr,虎
tort,tort
tram,tram
trup,trup
vaks,vaks
vejn,vejn
vesp,vesp
vind,vind
zink,zink
afrik,非
agent,agent
akord,akord
akrid,akrid
aktor,aktor
alarm,alarm
ampol,ampol
angil,angil
anser,anser
artik,联
bacil,bacil
bambu,bambu
banan,蕉
brand,brand
bronz,bronz
buked,buked
cigar,cigar
cikad,cikad
cinam,cinam
cindr,cindr
cirkl,圆
civit,civit
ĉerk,ĉerk
debet,debet
diant,diant
dogan,dogan
efekt,efekt
ekran,屏
emajl,emajl
event,event
fabel,fabel
fasad,fasad
fason,fason
fluid,fluid
fotel,fotel
front,front
funel,funel
ĝerm,ĝerm
hepat,hepat
horde,horde
infer,infer
ironi,ironi
kaban,kaban
kahel,kahel
kajut,kajut
kamel,kamel
kanal,kanal
kankr,kankr
karaf,karaf
kokos,kokos
krani,krani
krest,krest
kukum,kukum
kupon,kupon
kusen,枕
latun,latun
laŭb,laŭb
lekci,lekci
lesiv,lesiv
limak,limak
logik,logik
lotus,lotus
melon,melon
moral,moral
muzel,muzel
nilon,nilon
ocean,洋
palat,palat
palis,palis
papag,papag
paser,paser
pensi,pensi
peron,peron
pilot,pilot
pland,pland
plast,塑
porci,porci
princ,princ
pupil,pupil
rabat,rabat
rafan,rafan
raŭp,raŭp
resum,resum
rimen,rimen
roman,roman
salat,salat
salik,salik
satir,satir
sciur,sciur
sekal,sekal
sekci,sekci
senat,senat
split,split
spong,spong
stadi,stadi
statu,statu
sterk,sterk
strig,strig
strut,strut
ŝink,ŝink
ŝtip,ŝtip
tapet,tapet
tarif,tarif
tegol,tegol
tekst,tekst
teras,teras
tomat,柿
tuber,tuber
tunel,tunel
velur,velur
veruk,veruk
vezik,vezik
volum,volum
adverb,adverb
akcent,akcent
alaŭd,alaŭd
amator,amator
amerik,美
arteri,arteri
asfalt,asfalt
aŭtor,aŭtor
barbir,barbir
buĝet,buĝet
bulten,bulten
cikatr,cikatr
cikoni,cikoni
cirkel,cirkel
daktil,daktil
dialog,dialog
ego/ist##,ego/ist##
eklezi,eklezi
emerit,emerit
eŭrop,欧
fajenc,fajenc
fazeol,fazeol
fontan,fontan
formik,蚁
formul,formul
fripon,fripon
furaĝ,furaĝ
galoŝ,galoŝ
gvardi,gvardi
ĝemel,ĝemel
hangar,hangar
haring,haring
hazard,hazard
hektar,hektar
herold,herold
higien,higien
impuls,impuls
insign,insign
intest,intest
jubile,jubile
karton,karton
kasked,kasked
kavern,kavern
kirurg,kirurg
klimat,klimat
klinik,klinik
kolegi,kolegi
kolomb,鸽
kolumn,kolumn
komedi,komedi
konsul,konsul
konval,konval
kornik,kornik
kostum,装
kredit,kredit
kukurb,kukurb
kunikl,兔
kurent,kurent
lacert,lacert
licenc,licenc
maleol,maleol
materi,materi
mirtel,mirtel
monstr,monstr
oficir,oficir
orator,orator
papili,蝶
pendol,pendol
period,period
persik,persik
pionir,pionir
planed,planed
platan,platan
plural,plural
profet,profet
prolet,prolet
pronom,pronom
reakci,reakci
reĝim,reĝim
rivolu,rivolu
ruband,ruband
skorpi,skorpi
spinac,spinac
stamen,stamen
statur,statur
surtut,surtut
ŝakal,ŝakal
ŝaŭm,ŝaŭm
teknik,技
testud,龟
torent,torent
trafik,trafik
tumult,tumult
turism,turism
turist,turist
vertic,vertic
viktim,viktim
violon,violon
vulkan,vulkan
vultur,vultur
abrikot,abrikot
akademi,akademi
alfabet,码
alumini,alumini
ambasad,ambasad
anekdot,anekdot
apertur,apertur
apostol,apostol
asemble,asemble
bagatel,bagatel
bakteri,bakteri
bandaĝ,bandaĝ
bifstek,bifstek
budĝet,budĝet
burĝon,burĝon
central,central
cirkvit,cirkvit
ĉar/um##,ĉar/um##
dimensi,dimensi
ekvator,ekvator
element,element
epidemi,epidemi
fantazi,fantazi
fenomen,fenomen
gelaten,gelaten
general,general
girland,girland
harmoni,harmoni
instanc,instanc
invalid,invalid
kaldron,kaldron
kaŝtan,kaŝtan
katalog,katalog
kirurgi,kirurgi
kolonel,kolonel
komisar,komisar
kompani,kompani
koncept,koncept
konkord,konkord
konkurs,赛
koridor,koridor
kristal,kristal
lantern,lantern
latitud,latitud
medicin,药
mineral,mineral
minimum,minimum
ministr,ministr
obstakl,obstakl
orkestr,orkestr
pacifik,pacifik
palpebr,palpebr
pantofl,pantofl
paradiz,paradiz
paralel,paralel
plastik,plastik
portret,portret
princip,princip
program,程
projekt,projekt
proverb,proverb
provinc,provinc
rendevu,rendevu
sin/ten##,sin/ten##
situaci,situaci
stadion,stadion
subjekt,subjekt
teĥnik,teĥnik
tendenc,tendenc
tinktur,tinktur
tradici,tradici
tragedi,tragedi
traktat,traktat
trumpet,trumpet
uniform,uniform
vegetal,vegetal
viadukt,viadukt
volumen,volumen
zoologi,zoologi
atlantik,atlantik
avantaĝ,avantaĝ
bracelet,bracelet
cirkuler,cirkuler
dokument,dokument
federaci,federaci
generaci,generaci
geografi,geografi
gramatik,gramatik
ĝendarm,ĝendarm
horizont,horizont
individu,individu
kandidat,kandidat
karnaval,karnaval
kategori,类
komun/um##,komun/um##
krokodil,krokodil
longitud,longitud
maksimum,maksimum
marmelad,marmelad
monument,monument
paraŝut,paraŝut
pasaĝer,pasaĝer
pland/um##,pland/um##
porcelan,porcelan
procent,procent
profesor,授
radiator,radiator
regiment,regiment
rekt/angul##,rekt/angul##
sandviĉ,sandviĉ
sindikat,sindikat
singular,singular
specimen,specimen
spektakl,spektakl
substanc,substanc
teritori,teritori
vertikal,vertikal
ambasador,ambasador
aŭstrali,aŭstrali
centimetr,centimetr
ekspozici,ekspozici
inspektor,inspektor
kalkan/um##,kalkan/um##
konfidenc,konfidenc
lokomotiv,lokomotiv
matematik,matematik
metalurgi,metalurgi
ministeri,ministeri
najtingal,najtingal
ortografi,ortografi
parlament,parlament
proletari,proletari
propozici,propozici
psikologi,psikologi
suplement,suplement
termometr,termometr
elektronik,elektronik
helikopter,helikopter
horizontal,horizontal
komplement,komplement
konsekvenc,konsekvenc
konstituci,konstituci
laboratori,laboratori
leŭtenant,leŭtenant
mediterane,mediterane
substantiv,substantiv
universitat,universitat
s-ro##,s-ro##
s-ino##,s-ino##
sinjor/in##,sinjor/in##
alk,alk
aln,aln
ann,ann
bed,bed
boa,boa
buf,buf
cim,cim
col,col
dam,dam
dig,dig
duk,duk
fav,fav
fok,fok
fut,fut
gad,gad
gam,gam
gri,gri
guf,guf
huz,huz
kan,kan
ken,ken
ker,ker
kil,kil
kuf,kuf
kul,kul
kup,kup
laf,laf
lir,lir
lod,lod
lol,lol
mac,mac
mel,mel
mes,mes
mev,mev
muf,muf
muk,muk
mul,mul
nap,nap
peg,peg
pol,pol
pul,pul
rap,rap
rif,rif
rod,rod
rot,rot
rub,rub
rum,rum
rus,rus
seb,seb
sel,sel
tez,tez
tul,tul
ulm,ulm
uln,uln
unc,unc
urn,urn
vil,vil
abat,abat
acer,acer
akar,akar
alte,alte
alun,alun
amel,amel
anas,鸭
angl,angl
aniz,aniz
ankr,ankr
arĉ,arĉ
arde,arde
aren,aren
atut,atut
avel,avel
aviz,aviz
azot,azot
bast,bast
bert,bert
blat,blat
bram,bram
bran,bran
burd,burd
cedr,cedr
citr,citr
ĉam,ĉam
ĉan,ĉan
dogm,dogm
drak,drak
drog,drog
ebon,ebon
eter,eter
fabl,fabl
falk,falk
fibr,fibr
flan,flan
flok,flok
flut,flut
fraj,fraj
ftiz,ftiz
gajl,gajl
gips,gips
glan,glan
glim,glim
graf,graf
gril,gril
gros,gros
gurd,gurd
ibis,ibis
idol,idol
kalk,kalk
kand,kand
kard,kard
karo,karo
kask,kask
kaze,kaze
kegl,kegl
klap,klap
klav,键
kluz,kluz
kojn,kojn
koks,臀
konk,konk
kren,kren
krep,krep
krop,krop
krup,krup
lake,lake
laks,laks
legi,legi
lent,lent
lepr,lepr
lian,lian
lien,lien
link,link
liut,liut
lojt,lojt
lorn,lorn
lumb,lumb
lutr,lutr
magi,魔
mana,mana
mari,mari
mask,mask
maŝ,maŝ
meĉ,meĉ
mejl,mejl
ment,ment
merl,merl
mesi,mesi
mili,mili
mirh,mirh
mirt,mirt
misi,misi
mops,mops
most,most
niĉ,niĉ
omar,omar
opal,opal
ostr,ostr
paru,paru
peĉ,peĉ
pelv,pelv
perk,perk
pest,pest
petr,petr
pini,pini
pips,pips
plik,plik
plot,plot
popl,popl
pram,pram
sakr,sakr
salm,salm
sepi,sepi
sofi,sofi
sorp,sorp
spat,spat
spin,spin
stab,stab
step,step
stip,stip
stof,stof
stup,stup
ŝak,ŝak
ŝal,ŝal
ŝam,ŝam
taft,taft
talp,talp
tetr,tetr
tibi,tibi
tili,tili
tine,tine
torf,torf
trab,trab
tref,tref
tril,tril
trip,trip
trog,trog
tron,tron
truf,truf
trul,trul
trut,trut
turd,turd
turk,turk
turt,turt
uter,uter
ŭat,ŭat
vafl,vafl
vals,vals
vekt,vekt
zebr,zebr
altar,altar
ambos,ambos
anton,anton
ardez,ardez
argil,argil
aspid,aspid
balen,balen
barĉ,barĉ
boben,boben
brank,brank
bubal,bubal
bufed,bufed
cejan,cejan
dativ,dativ
datur,datur
demon,demon
denar,denar
deviz,deviz
domen,domen
embri,embri
emili,emili
ermen,ermen
ermit,ermit
facet,facet
fazan,fazan
femur,femur
filik,filik
flegm,flegm
fokus,fokus
franc,franc
frank,frank
fring,fring
galon,galon
gazel,gazel
genot,genot
georg,georg
gitar,gitar
gland,gland
groŝ,groŝ
hebre,hebre
heder,heder
herez,herez
herni,herni
hirud,hirud
hosti,hosti
husar,husar
ĥaos,ĥaos
idili,idili
johan,johan
jozef,jozef
kalik,kalik
kambi,kambi
kamer,kamer
kanab,kanab
kanap,kanap
kapel,kapel
kapon,kapon
kapor,kapor
kapot,kapot
karas,karas
karob,karob
katun,katun
kerub,kerub
kiras,kiras
klaft,klaft
kloŝ,kloŝ
koaks,koaks
koleg,koleg
kolon,kolon
komiz,komiz
komod,komod
konus,konus
kopek,kopek
koran,koran
kramp,kramp
kring,kring
krisp,krisp
krist,krist
kupol,kupol
kvarc,kvarc
kvart,kvart
lanug,lanug
laŭr,laŭr
libel,libel
liken,liken
livre,livre
loĝi,loĝi
lupol,lupol
lustr,lustr
luter,luter
medal,medal
meriz,meriz
moned,moned
morus,morus
moŝt,moŝt
negoc,negoc
nobel,nobel
novic,novic
nuanc,nuanc
oblat,oblat
okzal,okzal
orden,orden
orgen,orgen
paĝi,paĝi
papav,papav
pariz,pariz
paŭl,paŭl
pavim,pavim
pedik,pedik
perĉ,perĉ
piked,piked
pilol,丸
pirit,pirit
pirol,pirol
piroz,piroz
piŝt,piŝt
pluŝ,pluŝ
poent,poent
pokal,pokal
polus,极
potas,potas
prujn,prujn
pudel,pudel
pumik,pumik
punĉ,punĉ
putor,putor
raben,raben
rapir,rapir
regol,regol
rezin,rezin
rostr,rostr
ruben,ruben
safir,safir
salvi,salvi
sigel,sigel
silab,silab
silik,silik
silur,silur
silvi,silvi
sirop,sirop
skabi,skabi
skadr,skadr
skarp,skarp
skvam,skvam
sorik,sorik
spion,spion
spron,spron
stabl,stabl
sturg,sturg
sturn,sturn
ŝalm,ŝalm
ŝark,ŝark
ŝelk,ŝelk
ŝild,ŝild
ŝind,ŝind
ŝlim,ŝlim
taban,taban
tavol,tavol
tempi,tempi
tetan,tetan
tetra,tetra
timon,timon
topaz,topaz
torĉ,torĉ
tromb,tromb
tulip,tulip
ulcer,ulcer
urtik,urtik
vanil,vanil
vasal,vasal
velen,velen
verst,verst
vezir,vezir
vipur,vipur
vokal,vokal
zenit,zenit
zibel,zibel
zizel,zizel
absces,absces
absint,absint
alcion,alcion
amfibi,amfibi
ananas,ananas
artrit,artrit
atripl,atripl
berlin,berlin
bismut,bismut
boraks,boraks
buljon,buljon
bulonj,bulonj
buŝel,buŝel
centim,centim
cikori,cikori
cimbal,cimbal
cinabr,cinabr
cipres,cipres
ĉarpi,ĉarpi
damask,damask
delfen,delfen
didelf,didelf
embusk,embusk
epolet,epolet
erinac,erinac
ernest,ernest
eskadr,eskadr
faktur,faktur
falbal,falbal
fantom,fantom
faring,faring
fenkol,fenkol
ferdek,ferdek
fistul,fistul
flanel,flanel
fosfor,fosfor
franĝ,franĝ
furunk,furunk
fusten,fusten
galeri,galeri
gamaŝ,gamaŝ
german,german
granat,granat
granit,granit
grenad,grenad
grifel,grifel
ĝiraf,ĝiraf
haladz,haladz
hamstr,hamstr
hispan,hispan
ĥimer,ĥimer
ĥoler,ĥoler
ingven,ingven
izrael,izrael
jasmen,jasmen
kaleŝ,kaleŝ
kalvin,kalvin
kamfor,kamfor
kamlot,kamlot
kanajl,kanajl
kanari,kanari
kantor,kantor
kanvas,kanvas
kapsul,kapsul
kapuĉ,kapuĉ
kardel,kardel
karmin,karmin
karpen,karpen
kastor,kastor
kaviar,kaviar
kobalt,kobalt
kobold,kobold
kolbas,kolbas
kolibr,kolibr
kolimb,kolimb
kolubr,kolubr
komuni,komuni
kontor,kontor
kontur,kontur
kornic,kornic
korpus,korpus
koturn,koturn
kraken,kraken
kratag,kratag
krater,krater
kronik,kronik
kurier,kurier
lampir,lampir
laring,laring
lavang,lavang
legend,legend
lekant,lekant
lentug,lentug
levkoj,levkoj
likvor,likvor
litani,litani
london,london
magnet,magnet
makzel,makzel
mangan,mangan
markot,markot
marmor,marmor
marmot,marmot
mastik,mastik
migdal,migdal
miogal,miogal
miozot,miozot
monaĥ,monaĥ
morbil,morbil
morter,morter
muskat,muskat
muslin,muslin
mustel,mustel
nanken,nanken
narcis,narcis
nikola,nikola
notari,notari
orakol,orakol
paletr,paletr
panter,panter
parget,parget
paroĥ,paroĥ
parter,parter
pastel,pastel
patent,patent
patrol,patrol
pfenig,pfenig
pistak,pistak
pistol,pistol
plastr,plastr
platen,platen
ponard,ponard
porfir,porfir
porter,porter
primol,primol
prunel,prunel
purpur,purpur
rekrut,rekrut
rempar,rempar
risort,risort
rosmar,rosmar
rozari,rozari
rubrik,rubrik
safran,safran
sambuk,sambuk
sankci,sankci
sardel,sardel
sceptr,sceptr
selakt,selakt
servic,servic
servut,servut
siring,siring
skapol,skapol
skarab,skarab
skolop,skolop
skurĝ,skurĝ
sofism,sofism
sopran,sopran
spalir,spalir
stefan,stefan
sufiks,sufiks
sukcen,sukcen
sulfur,sulfur
talent,talent
tambur,tambur
tenden,tenden
teodor,teodor
termin,termin
testik,testik
timian,timian
tombak,tombak
traĥe,traĥe
tremol,tremol
tribun,tribun
tropik,tropik
turban,turban
turkis,turkis
turnir,turnir
urogal,urogal
variol,variol
viburn,viburn
vikari,vikari
vinagr,vinagr
vizier,vizier
volupt,volupt
ablativ,ablativ
antimon,antimon
arleken,arleken
arsenik,arsenik
artifik,artifik
asparag,asparag
bajonet,bajonet
bastion,bastion
beladon,beladon
biskvit,饼
ĉampan,ĉampan
ĉarnir,ĉarnir
diamant,钻
episkop,episkop
eŝafod,eŝafod
fraksen,fraksen
frangol,frangol
fringel,fringel
genitiv,genitiv
henriet,henriet
hidrarg,hidrarg
hiskiam,hiskiam
histrik,histrik
jugland,jugland
juniper,juniper
kalikot,kalikot
kamizol,kamizol
kamomil,kamomil
kapitan,kapitan
kapitel,kapitel
kapreol,kapreol
kapucen,kapucen
karaben,karaben
kartoĉ,kartoĉ
karusel,karusel
kavalir,kavalir
klarnet,klarnet
klister,klister
kokluŝ,kokluŝ
kolofon,kolofon
kompres,kompres
kurator,kurator
kvitanc,kvitanc
leontod,leontod
leopard,leopard
limonad,limonad
lonicer,lonicer
ludovik,ludovik
lunatik,lunatik
maroken,maroken
marŝal,marŝal
meleagr,meleagr
membran,membran
miĥael,miĥael
monarĥ,monarĥ
mustard,mustard
negliĝ,negliĝ
nikodem,nikodem
novjork,novjork
oksigen,oksigen
oksikok,oksikok
parazit,parazit
pasteĉ,pasteĉ
pelikan,pelikan
perdrik,perdrik
poligon,poligon
prefiks,prefiks
redakci,redakci
rinocer,rinocer
salpetr,salpetr
sentenc,sentenc
skarlat,skarlat
skorbut,skorbut
skrofol,skrofol
smerald,smerald
sterled,sterled
stertor,stertor
ŝiller,ŝiller
umbilik,umbilik
univers,univers
varsovi,varsovi
verdigr,verdigr
vertebr,vertebr
vespert,vespert
vestibl,vestibl
vilhelm,vilhelm
virtuoz,virtuoz
vitriol,vitriol
zingibr,zingibr
akcipitr,akcipitr
akuzativ,宾
argument,argument
arĥaism,arĥaism
artiŝok,artiŝok
baldaken,baldaken
briliant,briliant
diplomat,diplomat
distrikt,distrikt
elizabet,elizabet
fragment,fragment
framason,framason
frugileg,frugileg
hidrogen,hidrogen
hortulan,hortulan
institut,institut
kantarid,kantarid
kariofil,kariofil
kartilag,kartilag
katarakt,katarakt
koĉenil,koĉenil
kokcinel,kokcinel
konvulsi,konvulsi
leksikon,leksikon
marcipan,marcipan
medalion,medalion
monarĥi,monarĥi
obstrukc,obstrukc
paradoks,paradoks
parentez,parentez
particip,particip
pasament,pasament
pastinak,pastinak
pergamen,pergamen
peritone,peritone
perlamot,perlamot
petromiz,petromiz
petrosel,petrosel
ranunkol,ranunkol
redaktor,redaktor
rezultat,rezultat
rosmaren,rosmaren
serĝent,serĝent
sublimat,sublimat
taĉment,taĉment
terebint,terebint
tornistr,tornistr
zamenhof,zamenhof
aleksandr,aleksandr
anunciaci,anunciaci
balustrad,balustrad
ĉambelan,ĉambelan
ĉarlatan,ĉarlatan
deklinaci,deklinaci
diplomati,diplomati
ekscelenc,ekscelenc
ekzempler,ekzempler
entuziasm,entuziasm
fortepian,fortepian
galanteri,galanteri
iĥtiokol,iĥtiokol
instituci,instituci
instrukci,instrukci
kancelari,kancelari
kancelier,kancelier
kataplasm,kataplasm
kondolenc,kondolenc
konjugaci,konjugaci
konjunkci,konjunkci
konsonant,konsonant
korporaci,korporaci
kvaranten,kvaranten
nominativ,nominativ
pentekost,pentekost
piedestal,piedestal
prepozici,prepozici
privilegi,privilegi
promontor,promontor
salamandr,salamandr
testament,testament
vermiĉel,vermiĉel
interjekci,interjekci
superstiĉ,superstiĉ
vaŝington,vaŝington
violonĉel,violonĉel
arĥitektur,arĥitektur
interpunkci,interpunkci
jork,jork
parok,parok
navig,navig
kaos,kaos
kimer,kimer
korus,korus
monak,monak
iktiokol,iktiokol
ald,ald
alo,alo
api,api
ari,ari
bas,bas
car,car
dog,dog
dok,dok
doz,doz
ego,ego
elf,elf
etn,etn
faz,faz
fon,fon
fuk,fuk
gaz,gaz
gem,gem
hum,hum
jod,jod
jud,jud
kep,kep
lat,lat
lob,lob
mim,mim
mit,mit
muz,muz
nas,nas
nav,nav
niz,niz
oaz,oaz
opi,opi
puf,puf
raj,raj
ras,ras
ref,ref
rit,rit
rut,rut
sod,sod
tif,tif
tog,tog
viz,viz
agat,agat
aĝi,aĝi
alen,alen
ambr,ambr
amor,amor
aort,aort
arom,arom
astm,astm
astr,astr
azil,azil
bard,bard
bomb,bomb
bosk,bosk
brom,brom
bust,bust
cend,cend
cidr,cidr
cirk,cirk
dali,dali
dign,dign
duel,duel
duet,duet
ebur,ebur
eden,eden
egid,egid
erik,erik
etik,etik
etim,etim
fars,fars
fili,fili
fisk,fisk
furi,furi
gnom,gnom
grog,grog
gruz,gruz
ĝin,ĝin
hidr,hidr
hien,hien
irid,irid
iris,iris
istm,istm
jesu,jesu
junk,junk
kabl,kabl
kali,kali
kame,kame
kast,kast
klor,klor
kofr,kofr
kolz,kolz
kont,账
krab,krab
kres,kres
kupe,kupe
laik,laik
lama,lama
lanc,lanc
lens,lens
lord,lord
malt,malt
mani,mani
medi,medi
milv,milv
mitr,mitr
moru,moru
mosk,mosk
mumi,mumi
naft,naft
negr,negr
nimb,nimb
norm,norm
obol,obol
ogiv,ogiv
orgi,orgi
ozon,ozon
penc,penc
pleb,pleb
podi,podi
polk,polk
pomp,pomp
pore,pore
rabi,rabi
rism,rism
romb,romb
rubl,rubl
sabr,sabr
sagu,sagu
sald,额
salv,salv
sekt,sekt
sfer,sfer
skem,skem
skol,skol
slip,slip
sokl,sokl
sold,sold
sole,sole
spad,spad
ŝah,ŝah
talk,talk
teni,teni
tiar,tiar
tink,tink
tors,tors
tost,tost
trop,trop
turb,turb
ukaz,ukaz
ulan,ulan
uzur,uzur
verv,verv
vink,vink
visk,visk
vist,vist
vizi,vizi
zuav,zuav
abism,abism
adept,adept
afiks,afiks
afust,afust
agraf,agraf
akaci,akaci
akciz,akciz
aksel,aksel
albin,albin
alibi,alibi
aline,aline
alkov,alkov
amfor,amfor
angin,angin
angor,angor
anten,anten
apati,apati
apoge,apoge
arkad,arkad
arkiv,arkiv
arnik,arnik
atlas,atlas
atlet,atlet
aviad,航
balad,balad
balet,balet
barak,barak
baron,baron
basen,basen
beril,beril
bibli,bibli
bigot,bigot
biret,biret
bitum,bitum
bivak,bivak
breĉ,breĉ
broĉ,broĉ
bronk,bronk
cigan,cigan
cikut,cikut
ĉifr,ĉifr
debat,debat
dekan,dekan
dilem,dilem
diluv,diluv
divan,divan
dolar,dolar
drakm,drakm
dukat,dukat
edikt,edikt
eklog,eklog
ekzem,ekzem
elegi,elegi
elips,elips
elizi,elizi
emfaz,emfaz
epope,epope
fagot,fagot
fakir,fakir
fatal,fatal
feŭd,feŭd
fiakr,fiakr
fiask,fiask
final,final
fjord,fjord
forum,forum
fresk,fresk
furor,furor
galer,galer
galop,galop
garol,garol
goril,goril
hamak,hamak
harem,harem
harpi,harpi
helic,helic
helik,helik
hisop,hisop
hoboj,hoboj
humer,humer
idiom,idiom
idiot,idiot
ileks,ileks
iluzi,iluzi
indiga,indiga
jalap,jalap
jud/ism##,jud/ism##
kabal,kabal
kadet,kadet
kalif,kalif
kanon,kanon
karat,karat
kazin,kazin
kinin,kinin
kirŝ,kirŝ
kloak,kloak
kobaj,kobaj
kokon,kokon
kolik,kolik
kolos,kolos
komet,komet
koral,koral
korne,korne
korol,korol
kozak,kozak
krabr,krabr
kreol,kreol
kript,kript
kulis,kulis
kumin,kumin
kvast,kvast
kvint,kvint
lagun,lagun
lapis,lapis
larik,larik
later,later
lazur,lazur
legat,legat
lirik,lirik
madon,madon
major,major
mamut,mamut
medol,medol
meduz,meduz
melas,melas
melis,melis
miasm,miasm
mimoz,mimoz
mitul,mitul
moske,moske
motiv,motiv
natri,natri
nikel,nikel
nimfe,nimfe
noktu,noktu
nomad,nomad
novel,novel
nunci,nunci
oksid,oksid
oktav,oktav
oniks,oniks
optik,optik
orbit,orbit
oriol,oriol
ovaci,ovaci
pagod,pagod
panel,panel
panik,panik
paraf,paraf
patos,patos
pedal,pedal
pedel,pedel
peoni,peoni
peruk,peruk
pigme,pigme
pirat,pirat
pivot,pivot
polip,polip
polis,polis
pomad,pomad
prior,prior
prism,prism
psalm,psalm
raket,raket
rebus,rebus
retin,retin
retor,retor
rezed,rezed
ricin,ricin
rokok,rokok
rubus,rubus
rutin,rutin
saliv,saliv
satan,satan
saten,saten
seraf,seraf
sifon,sifon
sinap,sinap
sinod,sinod
siren,siren
skalp,skalp
skerc,skerc
skism,skism
sonat,sonat
sonet,sonet
spasm,spasm
sperm,sperm
splen,splen
stopl,stopl
strof,strof
sutan,sutan
ŝose,ŝose
ŝpat,ŝpat
taler,taler
tanin,tanin
tarok,tarok
teism,teism
teist,teist
templ,templ
tenor,tenor
teror,teror
tindr,tindr
tiran,tiran
tonel,tonel
trofe,trofe
trust,trust
tunik,tunik
utopi,utopi
vanel,vanel
vinkt,vinkt
viper,viper
viski,viski
zefir,zefir
advent,advent
aksiom,aksiom
akvari,akvari
algebr,algebr
alkemi,alkemi
ambici,ambici
amulet,amulet
anagal,anagal
anarki,anarki
anatom,anatom
anĉov,anĉov
anemon,anemon
anilin,anilin
aplomb,aplomb
apolog,apolog
arbust,arbust
arĥiv,arĥiv
asesor,asesor
ateism,ateism
ateist,ateist
aŭkci,aŭkci
balast,balast
balkon,balkon
balzam,balzam
bandit,bandit
barbar,barbar
barier,barier
bateri,bateri
batist,batist
bazalt,bazalt
beletr,beletr
bilanc,bilanc
bilard,bilard
binokl,binokl
biolog,biolog
blazon,blazon
blokad,blokad
bordel,bordel
braman,braman
brigad,brigad
buduar,buduar
burnus,burnus
celeri,celeri
cidoni,cidoni
ciklon,ciklon
ciklop,ciklop
dekret,dekret
depeŝ,depeŝ
despot,despot
diabet,diabet
diadem,diadem
diakon,diakon
diplom,diplom
divizi,divizi
dragon,dragon
eklips,eklips
eksces,eksces
ekstaz,ekstaz
ekvaci,ekvaci
emblem,emblem
emulsi,emulsi
endivi,endivi
epilog,epilog
epitet,epitet
epizod,epizod
erupci,erupci
eskort,eskort
estrad,estrad
etiket,etiket
eŭnuk,eŭnuk
ezofag,ezofag
faktor,faktor
falang,falang
fanfar,fanfar
feniks,feniks
feston,feston
fetiĉ,fetiĉ
fleksi,fleksi
floren,floren
format,format
frakci,frakci
fregat,fregat
galant,galant
gangli,gangli
genist,genist
geolog,geolog
gerani,gerani
gigant,gigant
glazur,glazur
glikoz,glikoz
glukoz,glukoz
gondol,gondol
grafit,grafit
gulden,gulden
harpun,harpun
hetman,hetman
hipnot,hipnot
incens,incens
indeks,indeks
inflam,inflam
jaguar,jaguar
jezuit,jezuit
ĵaket,ĵaket
kadavr,kadavr
kadenc,kadenc
kalibr,kalibr
kameli,kameli
kantat,kantat
kanton,kanton
karbon,karbon
karcer,karcer
karier,karier
kariol,kariol
katedr,katedr
kaŭci,kaŭci
kazern,kazern
kokard,kokard
kolodi,kolodi
koloni,koloni
kompas,kompas
kondor,kondor
konjak,konjak
korife,korife
kornet,kornet
korsar,korsar
korset,korset
korvet,korvet
kotlet,kotlet
kursiv,kursiv
laktuk,laktuk
lavend,lavend
loteri,loteri
lucern,lucern
maksim,maksim
malari,malari
marasm,marasm
markiz,markiz
martir,martir
masaĝ,masaĝ
mazurk,mazurk
medium,medium
melodi,melodi
mentor,mentor
merkat,merkat
mespil,mespil
meteor,meteor
metrik,metrik
mikrob,mikrob
mirakl,mirakl
miriad,miriad
molusk,molusk
monark,monark
morfin,morfin
mozaik,mozaik
munici,munici
nektar,nektar
orkide,orkide
paĉul,paĉul
parodi,parodi
pavian,pavian
pedant,pedant
pepsin,pepsin
petard,petard
piastr,piastr
pistil,pistil
podagr,podagr
ponton,ponton
portal,portal
portik,portik
prelat,prelat
prelud,prelud
premis,premis
profan,profan
profil,profil
prolog,prolog
puding,puding
pupitr,pupitr
pustul,pustul
rabarb,rabarb
regent,regent
rektor,rektor
relief,relief
retort,retort
romanc,romanc
rotond,rotond
sandal,sandal
santal,santal
sarong,sarong
satrap,satrap
sektor,sektor
septet,septet
serajl,serajl
sevrug,sevrug
sfinks,sfinks
siluet,siluet
simbol,simbol
sinkop,sinkop
sintez,sintez
skelet,skelet
sofist,sofist
spektr,spektr
spiral,spiral
sponde,sponde
suflor,suflor
sultan,sultan
ŝalup,ŝalup
ŝankr,ŝankr
ŝarad,ŝarad
taksus,taksus
taktik,taktik
talmud,talmud
tamtam,tamtam
tandem,tandem
tapiok,tapiok
teolog,teolog
teorem,teorem
terapi,terapi
tercet,tercet
termit,termit
tonsur,tonsur
torped,torped
trapez,trapez
tribut,tribut
triumf,triumf
turbin,turbin
unison,unison
uragan,uragan
vampir,vampir
verand,verand
vermut,vermut
vinjet,vinjet
zigzag,zigzag
zodiak,zodiak
admiral,admiral
aerolit,aerolit
aforism,aforism
agronom,agronom
akrobat,akrobat
akvarel,akvarel
alegori,alegori
alĥemi,alĥemi
almanak,almanak
ambrozi,ambrozi
ametist,ametist
amnesti,amnesti
anagram,anagram
analogi,analogi
anapest,anapest
anatomi,anatomi
angelik,angelik
anomali,anomali
antilop,antilop
antipod,antipod
antitez,antitez
apoteoz,apoteoz
apozici,apozici
arabesk,arabesk
arkaism,arkaism
asonanc,asonanc
atavism,atavism
atribut,atribut
aŭreol,aŭreol
bankier,bankier
barikad,barikad
bariton,bariton
bastard,bastard
bazilik,bazilik
biograf,biograf
biologi,biologi
bisturi,bisturi
bombast,bombast
botanik,botanik
celuloz,celuloz
ceramik,ceramik
cilindr,cilindr
cistern,cistern
citadel,citadel
ĉevron,ĉevron
demagog,demagog
diagnoz,diagnoz
dialekt,dialekt
diametr,diametr
difteri,difteri
diftong,diftong
dinamik,dinamik
dinamit,dinamit
dinasti,dinasti
doktrin,doktrin
ekspres,ekspres
eliksir,eliksir
eminenc,eminenc
epiderm,epiderm
epifani,epifani
epigraf,epigraf
epigram,epigram
erudici,erudici
estetik,estetik
etim/olog##,etim/olog##
etiolog,etiolog
evoluci,evoluci
farmaci,farmaci
filolog,filolog
filozof,filozof
fonetik,fonetik
fronton,fronton
gangren,gangren
gardeni,gardeni
gencian,gencian
geodezi,geodezi
geograf,geograf
geologi,geologi
geometr,geometr
gerundi,gerundi
gilotin,gilotin
gimnast,gimnast
gimnazi,gimnazi
guberni,guberni
hiacint,hiacint
hipotek,hipotek
hipotez,hipotez
histeri,histeri
homonim,homonim
ĥirurg,ĥirurg
judaism,judaism
ĵargon,ĵargon
kalomel,kalomel
kanaben,kanaben
kanibal,kanibal
kanonik,kanonik
kaporal,kaporal
karamel,karamel
karavan,karavan
kartuŝ,kartuŝ
katolik,katolik
kazemat,kazemat
komplot,komplot
koncesi,koncesi
kontakt,联
korsaĵ,korsaĵ
kreozot,kreozot
kriteri,kriteri
kvadril,kvadril
kvestor,kvestor
letargi,letargi
liturgi,liturgi
lozanĝ,lozanĝ
lumbrik,lumbrik
mahagon,mahagon
majolik,majolik
makadam,makadam
makaron,makaron
malakit,malakit
mansard,mansard
marĝen,marĝen
matador,matador
mekanik,mekanik
merlang,merlang
metafor,metafor
minaret,minaret
mirabel,mirabel
molekul,molekul
monarki,monarki
monolog,monolog
monopol,monopol
nikotin,nikotin
obelisk,obelisk
oleandr,oleandr
oligark,oligark
omnibus,omnibus
onobrik,onobrik
optativ,optativ
pacient,患
palinur,palinur
pamflet,pamflet
panoram,panoram
papirus,papirus
parabol,parabol
parafin,parafin
paskvil,paskvil
paŝtel,paŝtel
patolog,patolog
patrici,patrici
patriot,patriot
pedagog,pedagog
pelerin,pelerin
pension,pension
percept,percept
pilastr,pilastr
piramid,piramid
plagiat,plagiat
plantag,plantag
polemik,polemik
prefekt,prefekt
procesi,procesi
prognoz,prognoz
prozodi,prozodi
puritan,puritan
retorik,retorik
revizor,revizor
samovar,samovar
sarkasm,sarkasm
segment,segment
sekreci,sekreci
semafor,semafor
serenad,serenad
sifilis,sifilis
simetri,simetri
simfoni,simfoni
simptom,simptom
sinagog,sinagog
sinedri,sinedri
sinonim,sinonim
sintaks,sintaks
skandal,skandal
skrupul,skrupul
stearin,stearin
sugesti,sugesti
ŝiling,ŝiling
taburet,taburet
tangent,tangent
teokrat,teokrat
teologi,teologi
trombon,trombon
ultimat,ultimat
uvertur,uvertur
variant,variant
vazelin,vazelin
verdikt,verdikt
veteran,veteran
vokativ,vokativ
abnegaci,abnegaci
adjutant,adjutant
aeroplan,aeroplan
agronomi,agronomi
akvafort,akvafort
akvilegi,akvilegi
alabastr,alabastr
aligator,鳄
ambulanc,ambulanc
antipati,antipati
antologi,antologi
apostrof,apostrof
arbalest,arbalest
areometr,areometr
arkeolog,arkeolog
arkitekt,arkitekt
artileri,artileri
astrolog,astrolog
astronom,astronom
atmosfer,atmosfer
aŭdienc,aŭdienc
balistik,balistik
balzamin,balzamin
banderol,banderol
barelief,barelief
batalion,batalion
bazilisk,bazilisk
biografi,biografi
ceremoni,ceremoni
dekadenc,dekadenc
delegaci,delegaci
demagogi,demagogi
demokrat,demokrat
diafragm,diafragm
diagonal,diagonal
diapazon,diapazon
didaktik,didaktik
difterit,difterit
diktator,diktator
disĉipl,disĉipl
dispepsi,dispepsi
ditiramb,ditiramb
dromedar,dromedar
ekstrakt,ekstrakt
epilepsi,epilepsi
erizipel,erizipel
etimologi##,etimologi##
etiologi,etiologi
etnograf,etnograf
evangeli,evangeli
faksimil,faksimil
fakultat,fakultat
felieton,felieton
feminism,feminism
feminist,feminist
filologi,filologi
filozofi,filozofi
fiziolog,fiziolog
fonograf,fonograf
galantin,galantin
garnitur,garnitur
garnizon,garnizon
genealog,genealog
geometri,geometri
glicerin,glicerin
gliciriz,gliciriz
grafolog,grafolog
gramofon,gramofon
gutaperk,gutaperk
halebard,halebard
harmonik,harmonik
hegemoni,hegemoni
hekatomb,hekatomb
hierarki,hierarki
hipodrom,hipodrom
honorari,honorari
horoskop,horoskop
hortensi,hortensi
ĥirurgi,ĥirurgi
idiotism,idiotism
imperial,imperial
indiĝen,indiĝen
inkognit,inkognit
intervju,访
kalendul,kalendul
kardinal,kardinal
katafalk,katafalk
katakomb,katakomb
katedral,katedral
katekist,katekist
kavaleri,kavaleri
komandit,komandit
konfekci,konfekci
konflikt,konflikt
kontralt,kontralt
kontrast,kontrast
konvenci,konvenci
kosmetik,kosmetik
kreditor,kreditor
ksilofon,ksilofon
kvocient,kvocient
labirint,labirint
laŭreat,laŭreat
logaritm,logaritm
logogrif,logogrif
makaroni,makaroni
mandaren,mandaren
mandolin,mandolin
manifest,manifest
manometr,manometr
margarin,margarin
marionet,marionet
maŭzole,maŭzole
mekanism,mekanism
melodram,melodram
meridian,meridian
metronom,metronom
metropol,metropol
mikrofon,mikrofon
miniatur,miniatur
monogram,monogram
monomani,monomani
naftalin,naftalin
narkotik,narkotik
navigaci,navigaci
nekrolog,nekrolog
nepotism,nepotism
nihilism,nihilism
nihilist,nihilist
nostalgi,nostalgi
numismat,numismat
obligaci,obligaci
oligarĥ,oligarĥ
oligarki,oligarki
optimism,optimism
optimist,optimist
organism,organism
orografi,orografi
pacifism,pacifism
pacifist,pacifist
palanken,palanken
panteism,panteism
panteist,panteist
pantomim,pantomim
paradigm,paradigm
parafraz,parafraz
paragraf,paragraf
partitur,partitur
patologi,patologi
pedagogi,pedagogi
perimetr,perimetr
peristil,peristil
pesimism,pesimism
pesimist,pesimist
pleonasm,pleonasm
poliglot,poliglot
preterit,preterit
procedur,procedur
projekci,projekci
proporci,proporci
prospekt,prospekt
protokol,protokol
prototip,prototip
prozelit,prozelit
psikolog,psikolog
referenc,referenc
renesanc,renesanc
reputaci,reputaci
revelaci,revelaci
revolver,revolver
rojalist,rojalist
sacerdot,sacerdot
sakristi,sakristi
sarkofag,sarkofag
seminari,seminari
sensaci,sensaci
sfinkter,sfinkter
silogism,silogism
solecism,solecism
stipendi,stipendi
strategi,strategi
subvenci,subvenci
talisman,talisman
tamburin,tamburin
tarantel,tarantel
tarantul,tarantul
teleskop,teleskop
teokrati,teokrati
tipograf,tipograf
topograf,topograf
toreador,toreador
transept,transept
tuberkul,tuberkul
amfiteatr,amfiteatr
apopleksi,apopleksi
arbitraci,arbitraci
arĥeolog,arĥeolog
arĥitekt,arĥitekt
aritmetik,aritmetik
arkeologi,arkeologi
arkipelag,arkipelag
astrologi,astrologi
astronomi,astronomi
aŭditori,aŭditori
aŭtograf,aŭtograf
aŭtokrat,aŭtokrat
deklaraci,deklaraci
demokrati,demokrati
dialektik,dialektik
disciplin,disciplin
disenteri,disenteri
entomolog,entomolog
etnografi,etnografi
filantrop,filantrop
fiziologi,fiziologi
fizionomi,fizionomi
fotografi,fotografi
genealogi,genealogi
gladiator,gladiator
grafologi,grafologi
harmonium,harmonium
heksametr,heksametr
heliotrop,heliotrop
hidrofobi,hidrofobi
hieroglif,hieroglif
higrometr,higrometr
hipopotam,hipopotam
homeopati,homeopati
ideografi,ideografi
imperativ,imperativ
imperfekt,imperfekt
impresari,impresari
indikativ,indikativ
infanteri,infanteri
infinitiv,infinitiv
inkvizici,inkvizici
intendant,intendant
kabriolet,kabriolet
kandelabr,kandelabr
karikatur,karikatur
kartograf,kartograf
kastanjet,kastanjet
katalepsi,katalepsi
katastrof,katastrof
kateĥist,kateĥist
kompromis,kompromis
konduktor,konduktor
konkurenc,konkurenc
kontinent,洲
kontrabas,kontrabas
konvolvul,konvolvul
kosmogoni,kosmogoni
kosmograf,kosmograf
krizantem,krizantem
kronologi,kronologi
kronometr,kronometr
krucifiks,krucifiks
kvadratur,kvadratur
litografi,litografi
lokomobil,lokomobil
melankoli,melankoli
metafizik,metafizik
mikrometr,mikrometr
mikroskop,mikroskop
mineralog,mineralog
monoteism,monoteism
neologism,neologism
oligarĥi,oligarĥi
ornitolog,ornitolog
ostracism,ostracism
paleograf,paleograf
palisandr,palisandr
paroksism,paroksism
pentametr,pentametr
plutokrat,plutokrat
politeism,politeism
providenc,providenc
pulĉinel,pulĉinel
purgatori,purgatori
recitativ,recitativ
reformaci,reformaci
rekrement,rekrement
repertuar,repertuar
rezignaci,rezignaci
sakrament,sakrament
sekundant,sekundant
skarlatin,skarlatin
skolastik,skolastik
somnambul,somnambul
sortiment,sortiment
spekulaci,spekulaci
spiritism,spirit/ism##
spiritist,spirit/ist##
stalagmit,stalagmit
stalaktit,stalaktit
statistik,statistik
ŝovinism,ŝovinism
ŝovinist,ŝovinist
tipografi,tipografi
topografi,topografi
velociped,velociped
veterinar,veterinar
vivisekci,vivisekci
abiturient,abiturient
alternativ,替
anakronism,anakronism
antropolog,antropolog
arĥeologi,arĥeologi
arĥipelag,arĥipelag
aristokrat,aristokrat
arkitektur,arkitektur
aŭtokrati,aŭtokrati
beletristik,beletristik
bibliograf,bibliograf
civilizaci,civilizaci
dinamometr,dinamometr
ekskrement,ekskrement
entomologi,entomologi
eŭkaristi,eŭkaristi
filantropi,filantropi
hipertrofi,hipertrofi
ingredienc,ingredienc
inkvizitor,inkvizitor
kartografi,kartografi
koeficient,koeficient
kompliment,kompliment
kongregaci,kongregaci
konsistori,konsistori
kontraband,kontraband
kontribuci,kontribuci
kosmografi,kosmografi
kosmopolit,kosmopolit
krestomati,krestomati
kvintesenc,kvintesenc
manufaktur,manufaktur
manuskript,manuskript
metamorfoz,metamorfoz
meteorolog,meteorolog
mineralogi,mineralogi
naturalism,naturalism
numismatik,numismatik
ornitologi,ornitologi
paleografi,paleografi
perspektiv,perspektiv
plutokrati,plutokrati
pneŭmatik,pneŭmatik
prerogativ,prerogativ
pseŭdonim,pseŭdonim
stenografi,stenografi
subjunktiv,subjunktiv
superlativ,superlativ
tuberkuloz,tuberkuloz
admiralitat,admiralitat
antropologi,antropologi
aristokrati,aristokrati
bibliografi,bibliografi
cirkumfleks,cirkumfleks
demonstraci,demonstraci
departement,departement
enciklopedi,enciklopedi
hermafrodit,hermafrodit
hidrostatik,hidrostatik
hidroterapi,hidroterapi
imperialism,imperialism
inaŭguraci,inaŭguraci
kalejdoskop,kalejdoskop
kondicional,kondicional
konfederaci,konfederaci
konglomerat,konglomerat
kontrapunkt,kontrapunkt
manifestaci,manifestaci
metempsikoz,metempsikoz
meteorologi,meteorologi
observatori,observatori
paleontolog,paleontolog
pleŭronekt,pleŭronekt
protagonist,protagonist
protektorat,protektorat
pseŭd,pseŭd
racionalism,racional/ism##
racionalist,racional/ist##
reŭmatism,reŭmatism
temperament,temperament
tragikomedi,tragikomedi
administraci,administraci
demonstrativ,demonstrativ
konservatori,konservatori
paleontologi,paleontologi
paralelogram,paralelogram
spiritualism,spiritualism
spiritualist,spiritualist
trigonometri,trigonometri
aŭtobiografi,aŭtobiografi
t.e.,t.e.
k.t.p.,k.t.p.
kiom,kiom
kiom##,kiom##
kiom##,kiom##
dum,当
dum##,dum##
ĝis,ĝis
ĝis##,ĝis##
anstataŭ,弗
anstataŭ##,anstataŭ##
kiu##,kiu##
kiu,kiu
tiu##,tiu##
tiu,tiu
ĉiu,ĉiu
ĉiu##,ĉiu##
neniu,neniu
neniu##,neniu##
ambaŭ,ambaŭ
ambaŭ##,ambaŭ##
tiu ĉi##,tiu ĉi##
tiu ĉi##,tiu ĉi##
fiks,修
fiks##,fiks##
fals,fals
fals##,fals##
ĉu##,ĉu##
ĉu,焉
kial,kial
kial##,kial##
kiel,kiel
kiel##,kiel##
tamen,tamen
tamen##,tamen##
apenaŭ,仅
apenaŭ##,apenaŭ##
kvazaŭ,似
kvazaŭ##,kvazaŭ##
ĉirkaŭ,约
ĉirkaŭ##,ĉirkaŭ##
precip##,precip##
precip,precip
tut,全
tut##,tut##
rest##,rest##
rest,休
ĉiel,天
ĉiel##,ĉiel##
interes,兴
interes##,interes##
lig,链
lig##,lig##
rul,轮
rul##,rul##
arm##,arm##
arm,arm
fos,挖
fos##,fos##
plant,植
plant##,plant##
orient##,orient##
orient,东
fald,折
fald##,fald##
kaj,与
kaj##,kaj##
amas,堆
amas##,amas##
kopi,kopi
kopi##,kopi##
fotograf,fotograf
fotograf##,fotograf##
ĉar,因
ĉar##,ĉar##
fikci##,fikci##
fikci,fikci
nul,零
nul##,nul##
klar##,klar##
klar,清
artikol,章
artikol##,artikol##
aŭgust,未月
aŭgust##,aŭgust##
por,por
por##,por##
opozici,opozici
opozici##,opozici##
fot,相
vibr,vibr
oscil,oscil
fluktu,fluktu
indigo,indigo
ad##,ad##
ad,ad
ag,ag
al,al
am,am
an,an
ar,ar
as,as
at,at
av,av
bo,bo
ci,ci
da,da
de,de
di,di
Di##,Di##
do,do
du,du
ec,ec
eg,eg
ej,ej
ek,ek
el,el
em,em
en,en
er,er
et,et
fe,fe
fi##,fi##
fi,fi
ge,ge
ha,ha
he,he
ho,ho
ia,ia
id,id
ie,ie
ig,ig
il,il
in,in
io,io
ir,ir
is,is
it,it
iu##,iu##
iu,iu
ja,ja
je,je
ju,ju
ke,ke
l',l'
la,la
li,li
lu,lu
mi,mi
ne,ne
ni,ni
nj,nj
nu,nu
od,od
ok,ok
ol,ol
on,on
op,op
or,or
os,os
ot,ot
ov,ov
pi,pi
po,po
re,re
se,se
si,si
te,te
uj,uj
ul,ul
um,um
ur,ur
us,us
uz,uz
ve,ve
vi,vi
### 追加語根(20250103),homeopat
homeopat,zoolog
zoolog,
